tRNA prediction	tRNA #	tRNA Begin	tRNA End	tRNA Strand	tRNA Type	Anticodon
['tRNAscan']	['1']	['72135 ']	['72205 ']	['+']	['Gly']	['TCC']
['tRNAscan']	['2']	['72338 ']	['72411 ']	['+']	['Gln']	['CTG']
['tRNAscan']	['3']	['72540 ']	['72610 ']	['+']	['Trp']	['CCA']
['tRNAscan']	['4']	['73486 ']	['73559 ']	['+']	['Pro']	['TGG']
['tRNAscan']	['5']	['73563 ']	['73637 ']	['+']	['Pro']	['TGG']
['tRNAscan']	['7']	['76636 ']	['76709 ']	['+']	['Ile']	['TAT']
['tRNAscan']	['9']	['80748 ']	['80823 ']	['+']	['Asp']	['GTC']
['tRNAscan']	['10']	['81188 ']	['81258 ']	['+']	['Asp']	['GTC']
['tRNAscan']	['11']	['86092 ']	['86162 ']	['+']	['Glu']	['CTC']
['tRNAscan']	['12']	['86420 ']	['86493 ']	['+']	['Glu']	['TTC']
['tRNAscan']	['13']	['86506 ']	['86576 ']	['+']	['Val']	['TAC']
['tRNAscan']	['14']	['86838 ']	['86912 ']	['+']	['Leu']	['TAG']
['tRNAscan']	['15']	['87052 ']	['87125 ']	['+']	['Leu']	['TAG']
['tRNAscan']	['17']	['87449 ']	['87519 ']	['+']	['Gly']	['GCC']
['tRNAscan']	['19']	['87627 ']	['87699 ']	['+']	['Arg']	['TCT']
['tRNAscan']	['20']	['88320 ']	['88391 ']	['+']	['Ala']	['TGC']
['tRNAscan']	['21']	['88558 ']	['88631 ']	['+']	['Lys']	['CTT']
['tRNAscan']	['23']	['90328 ']	['90399 ']	['+']	['Asn']	['GTT']
['tRNAscan']	['24']	['92059 ']	['92130 ']	['+']	['Arg']	['CCT']
['tRNAscan']	['25']	['92376 ']	['92450 ']	['+']	['Ile']	['GAT']
['tRNAscan']	['26']	['92455 ']	['92526 ']	['+']	['Ala']	['GGC']
['tRNAscan']	['27']	['92746 ']	['92818 ']	['+']	['Lys']	['CTT']
['tRNAscan']	['28']	['92938 ']	['93012 ']	['+']	['Lys']	['TTT']
['tRNAscan']	['29']	['93017 ']	['93089 ']	['+']	['Arg']	['TCG']
['tRNAscan']	['30']	['94348 ']	['94419 ']	['+']	['Met']	['CAT']
['tRNAscan']	['32']	['95121 ']	['95202 ']	['+']	['Tyr']	['GTA']
['tRNAscan']	['34']	['95333 ']	['95404 ']	['+']	['His']	['GTG']
['tRNAscan']	['35']	['95473 ']	['95544 ']	['+']	['Phe']	['GAA']
['tRNAscan']	['36']	['96253 ']	['96327 ']	['+']	['Thr']	['TGT']
['tRNAscan']	['37']	['96420 ']	['96492 ']	['+']	['Thr']	['GGT']
['tRNAscan']	['38']	['96662 ']	['96734 ']	['+']	['Arg']	['ACG']
['tRNAscan']	['40']	['99947 ']	['100021']	['+']	['Ala']	['GGC']
['tRNAscan']	['42']	['104745']	['104826']	['+']	['Leu']	['GAG']
['tRNAscan']	['43']	['105264']	['105334']	['+']	['Val']	['GAC']
['tRNAscan']	['44']	['105760']	['105835']	['+']	['Leu']	['CAA']
['tRNAscan']	['46']	['116088']	['116167']	['+']	['Gln']	['TTG']
['tRNAscan']	['47']	['16887 ']	['16816 ']	['-']	['Thr']	['CGT']
['Aragorn']	[1]	['16815']	['16887']	['-']	['Thr']	['cgt']
['Aragorn']	[2]	['72135']	['72207']	['+']	['Gly']	['tcc']
['Aragorn']	[3]	['72338']	['72412']	['+']	['Gln']	['ctg']
['Aragorn']	[4]	['72540']	['72611']	['+']	['Trp']	['cca']
['Aragorn']	[5]	['73487']	['73559']	['+']	['Pro']	['tgg']
['Aragorn']	[6]	['73563']	['73638']	['+']	['Pro']	['tgg']
['Aragorn']	[7]	['76636']	['76710']	['+']	['Ile']	['tat']
['Aragorn']	[8]	['77230']	['77315']	['+']	['Ser']	['gga']
['Aragorn']	[9]	['77556']	['77642']	['+']	['Ser']	['tga']
['Aragorn']	[10]	['80748']	['80824']	['+']	['Asp']	['gtc']
['Aragorn']	[11]	['81188']	['81259']	['+']	['Asp']	['gtc']
['Aragorn']	[12]	['86092']	['86163']	['+']	['Glu']	['ctc']
['Aragorn']	[13]	['86420']	['86494']	['+']	['Glu']	['ttc']
['Aragorn']	[14]	['86506']	['86577']	['+']	['Val']	['tac']
['Aragorn']	[15]	['86838']	['86913']	['+']	['Leu']	['tag']
['Aragorn']	[16]	['87052']	['87126']	['+']	['Leu']	['tag']
['Aragorn']	[17]	['87449']	['87520']	['+']	['Gly']	['gcc']
['Aragorn']	[18]	['87627']	['87700']	['+']	['Arg']	['tct']
['Aragorn']	[19]	['88320']	['88392']	['+']	['Ala']	['tgc']
['Aragorn']	[20]	['88558']	['88632']	['+']	['Lys']	['ctt']
['Aragorn']	[21]	['89491']	['89567']	['+']	['Asn']	['gtt']
['Aragorn']	[22]	['90328']	['90400']	['+']	['Asn']	['gtt']
['Aragorn']	[23]	['92059']	['92131']	['+']	['Arg']	['cct']
['Aragorn']	[24]	['92376']	['92451']	['+']	['Ile']	['gat']
['Aragorn']	[25]	['92455']	['92527']	['+']	['Ala']	['ggc']
['Aragorn']	[26]	['92746']	['92819']	['+']	['Lys']	['ctt']
['Aragorn']	[27]	['92938']	['93013']	['+']	['Lys']	['ttt']
['Aragorn']	[28]	['93017']	['93090']	['+']	['Arg']	['tcg']
['Aragorn']	[29]	['94348']	['94420']	['+']	['Met']	['cat']
['Aragorn']	[30]	['94421']	['94492']	['+']	['Met']	['cat']
['Aragorn']	[31]	['95121']	['95203']	['+']	['Tyr']	['gta']
['Aragorn']	[32]	['95333']	['95405']	['+']	['His']	['gtg']
['Aragorn']	[33]	['95473']	['95545']	['+']	['Phe']	['gaa']
['Aragorn']	[34]	['96129']	['96203']	['+']	['Cys']	['gca']
['Aragorn']	[35]	['96253']	['96328']	['+']	['Thr']	['tgt']
['Aragorn']	[36]	['96420']	['96493']	['+']	['Thr']	['ggt']
['Aragorn']	[37]	['96662']	['96735']	['+']	['Arg']	['acg']
['Aragorn']	[39]	['99947']	['100022']	['+']	['Ala']	['ggc']
['Aragorn']	[40]	['104745']	['104827']	['+']	['Leu']	['gag']
['Aragorn']	[41]	['105264']	['105335']	['+']	['Val']	['gac']
['Aragorn']	[42]	['105760']	['105836']	['+']	['Leu']	['caa']
['Aragorn']	[43]	['106070']	['106153']	['+']	['Ser']	['gct']
['Aragorn']	[44]	['116088']	['116168']	['+']	['Gln']	['ttg']
