tRNA prediction	tRNA #	tRNA Begin	tRNA End	tRNA Strand	tRNA Type	Anticodon	tRNA start in	tRNA end in
['tRNAscan']	['6']	['3064991']	['3065062']	['+']	['Arg']	['CCG']		
['tRNAscan']	['7']	['4062642']	['4062715']	['+']	['Pro']	['CGG']		
['tRNAscan']	['8']	['4148287']	['4148360']	['+']	['Gly']	['CCC']		
['tRNAscan']	['9']	['4440505']	['4440591']	['+']	['Ser']	['TGA']		
['tRNAscan']	['11']	['4455099']	['4455171']	['+']	['Arg']	['ACG']		
['tRNAscan']	['12']	['4531514']	['4531586']	['+']	['Lys']	['TTT']		
['tRNAscan']	['13']	['4535762']	['4535835']	['+']	['fMet']	['CAT']		
['tRNAscan']	['14']	['4673145']	['4673218']	['+']	['Thr']	['TGT']		
['tRNAscan']	['15']	['4947722']	['4947795']	['+']	['Ala']	['CGC']		
['tRNAscan']	['16']	['5050673']	['5050759']	['+']	['Leu']	['TAA']		
['tRNAscan']	['17']	['5110740']	['5110816']	['+']	['Arg']	['TCG']		
['tRNAscan']	['19']	['5408717']	['5408792']	['+']	['Leu']	['TAG']		
['tRNAscan']	['20']	['5481116']	['5481188']	['+']	['His']	['GTG']		
['tRNAscan']	['21']	['5654026']	['5654102']	['+']	['Pro']	['TGG']		
['tRNAscan']	['22']	['5702163']	['5702235']	['+']	['Ala']	['GGC']		
['tRNAscan']	['23']	['5702728']	['5702800']	['+']	['Ala']	['GGC']		
['tRNAscan']	['24']	['5824380']	['5824452']	['+']	['Asn']	['GTT']		
['tRNAscan']	['25']	['5824459']	['5824531']	['+']	['Asn']	['GTT']		
['tRNAscan']	['26']	['5824708']	['5824784']	['+']	['Ile2']	['CAT']		
['tRNAscan']	['27']	['5911365']	['5911436']	['+']	['Val']	['TAC']		
['tRNAscan']	['28']	['6822378']	['6822449']	['+']	['Val']	['CAC']		
['tRNAscan']	['29']	['6823203']	['6823274']	['+']	['Val']	['CAC']		
['tRNAscan']	['30']	['7355621']	['7355694']	['+']	['fMet']	['CAT']		
['tRNAscan']	['41']	['6815657']	['6815585']	['-']	['Gly']	['GCC']		
['tRNAscan']	['42']	['6815546']	['6815473']	['-']	['Cys']	['GCA']		
['tRNAscan']	['43']	['6815471']	['6815400']	['-']	['Val']	['GAC']		
['tRNAscan']	['44']	['6815349']	['6815278']	['-']	['Val']	['GAC']		
['tRNAscan']	['45']	['6815248']	['6815177']	['-']	['Val']	['GAC']		
['tRNAscan']	['46']	['6666955']	['6666868']	['-']	['Leu']	['GAG']		
['tRNAscan']	['47']	['6320378']	['6320304']	['-']	['Leu']	['CAA']		
['tRNAscan']	['48']	['5653865']	['5653795']	['-']	['Gly']	['TCC']		
['tRNAscan']	['49']	['5573659']	['5573587']	['-']	['Arg']	['TCT']		
['tRNAscan']	['50']	['5456147']	['5456074']	['-']	['Lys']	['CTT']		
['tRNAscan']	['51']	['5444940']	['5444867']	['-']	['Lys']	['CTT']		
['tRNAscan']	['52']	['5441299']	['5441226']	['-']	['Lys']	['CTT']		
['tRNAscan']	['53']	['5364155']	['5364081']	['-']	['Cys']	['GCA']		
['tRNAscan']	['55']	['5007396']	['5007325']	['-']	['Gln']	['TTG']		
['tRNAscan']	['56']	['4914677']	['4914605']	['-']	['Arg']	['CCT']		
['tRNAscan']	['59']	['4524660']	['4524588']	['-']	['Glu']	['TTC']		
['tRNAscan']	['60']	['4524548']	['4524474']	['-']	['Asp']	['GTC']		
['tRNAscan']	['61']	['4524449']	['4524376']	['-']	['Phe']	['GAA']		
['tRNAscan']	['62']	['4518715']	['4518641']	['-']	['Asp']	['GTC']		
['tRNAscan']	['63']	['4505369']	['4505298']	['-']	['Gly']	['TCC']		
['tRNAscan']	['64']	['4505215']	['4505140']	['-']	['Gly']	['GCC']		
['tRNAscan']	['65']	['4501274']	['4501199']	['-']	['Gly']	['GCC']		
['tRNAscan']	['66']	['4491961']	['4491874']	['-']	['Ser']	['GGA']		
['tRNAscan']	['67']	['4479286']	['4479202']	['-']	['Ser']	['CGA']		
['tRNAscan']	['68']	['4332126']	['4332050']	['-']	['Ile']	['GAT']		
['tRNAscan']	['69']	['4318602']	['4318530']	['-']	['Ala']	['TGC']		
['tRNAscan']	['70']	['4301632']	['4301549']	['-']	['Leu']	['CAG']		
['tRNAscan']	['71']	['4010161']	['4010088']	['-']	['Thr']	['CGT']		
['tRNAscan']	['72']	['3709707']	['3709626']	['-']	['Tyr']	['GTA']		
['tRNAscan']	['73']	['3704900']	['3704828']	['-']	['Thr']	['GGT']		
['tRNAscan']	['74']	['3704781']	['3704709']	['-']	['Met']	['CAT']		
['tRNAscan']	['75']	['3693709']	['3693637']	['-']	['Trp']	['CCA']		
['tRNAscan']	['76']	['3186653']	['3186580']	['-']	['fMet']	['CAT']		
['tRNAscan']	['77']	['3184439']	['3184366']	['-']	['fMet']	['CAT']		
['tRNAscan']	['78']	['2830184']	['2830113']	['-']	['Gln']	['CTG']		
['tRNAscan']	['79']	['2830091']	['2830019']	['-']	['Glu']	['CTC']		
['tRNAscan']	['80']	['2829989']	['2829917']	['-']	['Glu']	['CTC']		
['tRNAscan']	['81']	['2829896']	['2829825']	['-']	['Gln']	['CTG']		
['tRNAscan']	['82']	['2829795']	['2829723']	['-']	['Glu']	['CTC']		
['tRNAscan']	['83']	['2636827']	['2636755']	['-']	['Thr']	['GGT']		
['tRNAscan']	['84']	['1504931']	['1504844']	['-']	['Leu']	['GAG']		
['tRNAscan']	['85']	['1275428']	['1275355']	['-']	['Pro']	['GGG']		
['tRNAscan']	['86']	['1237020']	['1236947']	['-']	['Pro']	['GGG']		
['tRNAscan']	['87']	['1218453']	['1218380']	['-']	['Pro']	['GGG']		
['Aragorn']	[4]	['431757']	['431844']	['-']	['Arg']	['ccg']		
['Aragorn']	[6]	['871748']	['871835']	['+']	['Ser']	['tga']		
['Aragorn']	[7]	['879981']	['880058']	['+']	['Ala']	['cgc']		
['Aragorn']	[8]	['1218379']	['1218453']	['-']	['Pro']	['ggg']		
['Aragorn']	[9]	['1236946']	['1237020']	['-']	['Pro']	['ggg']		
['Aragorn']	[10]	['1275354']	['1275428']	['-']	['Pro']	['ggg']		
['Aragorn']	[12]	['1504844']	['1504931']	['-']	['Leu']	['gag']		
['Aragorn']	[16]	['2636754']	['2636827']	['-']	['Thr']	['ggt']		
['Aragorn']	[17]	['2829722']	['2829795']	['-']	['Glu']	['ctc']		
['Aragorn']	[18]	['2829824']	['2829896']	['-']	['Gln']	['ctg']		
['Aragorn']	[19]	['2829916']	['2829989']	['-']	['Glu']	['ctc']		
['Aragorn']	[20]	['2830018']	['2830091']	['-']	['Glu']	['ctc']		
['Aragorn']	[21]	['2830112']	['2830184']	['-']	['Gln']	['ctg']		
['Aragorn']	[22]	['3064991']	['3065064']	['+']	['Arg']	['ccg']		
['Aragorn']	[23]	['3184365']	['3184439']	['-']	['Met']	['cat']		
['Aragorn']	[24]	['3186579']	['3186653']	['-']	['Met']	['cat']		
['Aragorn']	[25]	['3629207']	['3629279']	['-']	['Gly']	['tcc']		
['Aragorn']	[26]	['3693636']	['3693709']	['-']	['Trp']	['cca']		
['Aragorn']	[27]	['3704708']	['3704781']	['-']	['Met']	['cat']		
['Aragorn']	[28]	['3704827']	['3704900']	['-']	['Thr']	['ggt']		
['Aragorn']	[29]	['3709625']	['3709707']	['-']	['Tyr']	['gta']		
['Aragorn']	[30]	['3827359']	['3827442']	['+']	['Gly']	['gcc']		
['Aragorn']	[32]	['4010087']	['4010161']	['-']	['Thr']	['cgt']		
['Aragorn']	[33]	['4013741']	['4013816']	['+']	['Pro']	['cgg']		
['Aragorn']	[34]	['4062642']	['4062716']	['+']	['Pro']	['cgg']		
['Aragorn']	[35]	['4148287']	['4148360']	['+']	['Gly']	['ccc']		
['Aragorn']	[36]	['4301548']	['4301632']	['-']	['Leu']	['cag']		
['Aragorn']	[37]	['4318529']	['4318602']	['-']	['Ala']	['tgc']		
['Aragorn']	[38]	['4332050']	['4332126']	['-']	['Ile']	['gat']		
['Aragorn']	[39]	['4440505']	['4440592']	['+']	['Ser']	['tga']		
['Aragorn']	[41]	['4455099']	['4455172']	['+']	['Arg']	['acg']		
['Aragorn']	[42]	['4479201']	['4479286']	['-']	['Ser']	['cga']		
['Aragorn']	[43]	['4491874']	['4491961']	['-']	['Ser']	['gga']		
['Aragorn']	[44]	['4501199']	['4501274']	['-']	['Gly']	['gcc']		
['Aragorn']	[45]	['4505140']	['4505215']	['-']	['Gly']	['gcc']		
['Aragorn']	[46]	['4518640']	['4518715']	['-']	['Asp']	['gtc']		
['Aragorn']	[47]	['4524375']	['4524449']	['-']	['Phe']	['gaa']		
['Aragorn']	[48]	['4524473']	['4524548']	['-']	['Asp']	['gtc']		
['Aragorn']	[49]	['4524587']	['4524660']	['-']	['Glu']	['ttc']		
['Aragorn']	[50]	['4531514']	['4531587']	['+']	['Lys']	['ttt']		
['Aragorn']	[51]	['4535762']	['4535836']	['+']	['Met']	['cat']		
['Aragorn']	[52]	['4639430']	['4639507']	['+']	['Gln']	['ttg']		
['Aragorn']	[53]	['4673145']	['4673220']	['+']	['Thr']	['tgt']		
['Aragorn']	[54]	['4914604']	['4914677']	['-']	['Arg']	['cct']		
['Aragorn']	[55]	['4947722']	['4947796']	['+']	['Ala']	['cgc']		
['Aragorn']	[56]	['5007324']	['5007396']	['-']	['Gln']	['ttg']		
['Aragorn']	[57]	['5050673']	['5050759']	['+']	['Leu']	['taa']		
['Aragorn']	[58]	['5110740']	['5110816']	['+']	['Arg']	['tcg']		
['Aragorn']	[60]	['5364081']	['5364155']	['-']	['Cys']	['gca']		
['Aragorn']	[62]	['5408717']	['5408792']	['+']	['Leu']	['tag']		
['Aragorn']	[63]	['5441225']	['5441299']	['-']	['Lys']	['ctt']		
['Aragorn']	[64]	['5444866']	['5444940']	['-']	['Lys']	['ctt']		
['Aragorn']	[65]	['5456073']	['5456147']	['-']	['Lys']	['ctt']		
['Aragorn']	[66]	['5481116']	['5481189']	['+']	['His']	['gtg']		
['Aragorn']	[67]	['5573585']	['5573659']	['-']	['Arg']	['tct']		
['Aragorn']	[68]	['5653794']	['5653865']	['-']	['Gly']	['tcc']		
['Aragorn']	[69]	['5654026']	['5654102']	['+']	['Pro']	['tgg']		
['Aragorn']	[70]	['5702163']	['5702236']	['+']	['Ala']	['ggc']		
['Aragorn']	[71]	['5702728']	['5702801']	['+']	['Ala']	['ggc']		
['Aragorn']	[72]	['5736543']	['5736615']	['+']	['Gly']	['tcc']		
['Aragorn']	[73]	['5824380']	['5824453']	['+']	['Asn']	['gtt']		
['Aragorn']	[74]	['5824459']	['5824532']	['+']	['Asn']	['gtt']		
['Aragorn']	[75]	['5824708']	['5824784']	['+']	['Met']	['cat']		
['Aragorn']	[76]	['5911365']	['5911438']	['+']	['Val']	['tac']		
['Aragorn']	[77]	['6320303']	['6320378']	['-']	['Leu']	['caa']		
['Aragorn']	[79]	['6666868']	['6666955']	['-']	['Leu']	['gag']		
['Aragorn']	[80]	['6815176']	['6815248']	['-']	['Val']	['gac']		
['Aragorn']	[81]	['6815277']	['6815349']	['-']	['Val']	['gac']		
['Aragorn']	[82]	['6815399']	['6815471']	['-']	['Val']	['gac']		
['Aragorn']	[83]	['6815473']	['6815546']	['-']	['Cys']	['gca']		
['Aragorn']	[84]	['6815584']	['6815657']	['-']	['Gly']	['gcc']		
['Aragorn']	[85]	['6822378']	['6822451']	['+']	['Val']	['cac']		
['Aragorn']	[86]	['6823203']	['6823276']	['+']	['Val']	['cac']		
['Aragorn']	[87]	['6922078']	['6922156']	['-']	['Arg']	['gcg']		
['Aragorn']	[88]	['7355621']	['7355695']	['+']	['Met']	['cat']		
